date,store,item,sales
2013-01-01,2750,12750,13696
2013-01-02,2750,12750,13678
2013-01-03,2750,12750,14488
2013-01-04,2750,12750,15677
2013-01-05,2750,12750,16237
2013-01-06,2750,12750,17291
2013-01-07,2750,12750,11769
2013-01-08,2750,12750,13560
2013-01-09,2750,12750,13878
2013-01-10,2750,12750,14642
2013-01-11,2750,12750,15633
2013-01-12,2750,12750,16679
2013-01-13,2750,12750,17741
2013-01-14,2750,12750,11746
2013-01-15,2750,12750,13625
2013-01-16,2750,12750,13591
2013-01-17,2750,12750,14587
2013-01-18,2750,12750,15495
2013-01-19,2750,12750,16294
2013-01-20,2750,12750,17612
2013-01-21,2750,12750,11709
2013-01-22,2750,12750,13724
2013-01-23,2750,12750,13613
2013-01-24,2750,12750,14472
2013-01-25,2750,12750,15640
2013-01-26,2750,12750,16561
2013-01-27,2750,12750,17579
2013-01-28,2750,12750,11848
2013-01-29,2750,12750,13724
2013-01-30,2750,12750,13391
2013-01-31,2750,12750,14724
2013-02-01,2750,12750,17473
2013-02-02,2750,12750,18323
2013-02-03,2750,12750,19544
2013-02-04,2750,12750,12998
2013-02-05,2750,12750,14956
2013-02-06,2750,12750,15124
2013-02-07,2750,12750,16112
2013-02-08,2750,12750,17450
2013-02-09,2750,12750,18425
2013-02-10,2750,12750,19501
2013-02-11,2750,12750,12961
2013-02-12,2750,12750,15154
2013-02-13,2750,12750,15274
2013-02-14,2750,12750,16379
2013-02-15,2750,12750,17563
2013-02-16,2750,12750,18428
2013-02-17,2750,12750,19502
2013-02-18,2750,12750,12858
2013-02-19,2750,12750,15359
2013-02-20,2750,12750,14909
2013-02-21,2750,12750,16329
2013-02-22,2750,12750,17393
2013-02-23,2750,12750,18436
2013-02-24,2750,12750,19482
2013-02-25,2750,12750,13058
2013-02-26,2750,12750,15184
2013-02-27,2750,12750,15014
2013-02-28,2750,12750,16228
2013-03-01,2750,12750,20978
2013-03-02,2750,12750,22094
2013-03-03,2750,12750,23260
2013-03-04,2750,12750,15710
2013-03-05,2750,12750,18189
2013-03-06,2750,12750,18435
2013-03-07,2750,12750,19310
2013-03-08,2750,12750,20755
2013-03-09,2750,12750,22054
2013-03-10,2750,12750,23252
2013-03-11,2750,12750,15323
2013-03-12,2750,12750,18029
2013-03-13,2750,12750,18413
2013-03-14,2750,12750,19395
2013-03-15,2750,12750,20663
2013-03-16,2750,12750,22144
2013-03-17,2750,12750,23338
2013-03-18,2750,12750,15583
2013-03-19,2750,12750,18235
2013-03-20,2750,12750,18097
2013-03-21,2750,12750,19405
2013-03-22,2750,12750,20812
2013-03-23,2750,12750,22108
2013-03-24,2750,12750,23287
2013-03-25,2750,12750,15647
2013-03-26,2750,12750,18308
2013-03-27,2750,12750,18276
2013-03-28,2750,12750,19742
2013-03-29,2750,12750,20711
2013-03-30,2750,12750,22292
2013-03-31,2750,12750,23537
2013-04-01,2750,12750,18204
2013-04-02,2750,12750,21218
2013-04-03,2750,12750,21125
2013-04-04,2750,12750,22859
2013-04-05,2750,12750,24180
2013-04-06,2750,12750,25805
2013-04-07,2750,12750,27172
2013-04-08,2750,12750,18005
2013-04-09,2750,12750,21176
2013-04-10,2750,12750,21197
2013-04-11,2750,12750,22975
2013-04-12,2750,12750,24183
2013-04-13,2750,12750,25758
2013-04-14,2750,12750,27389
2013-04-15,2750,12750,18080
2013-04-16,2750,12750,21429
2013-04-17,2750,12750,21209
2013-04-18,2750,12750,22838
2013-04-19,2750,12750,24077
2013-04-20,2750,12750,25553
2013-04-21,2750,12750,27437
2013-04-22,2750,12750,18415
2013-04-23,2750,12750,21445
2013-04-24,2750,12750,21422
2013-04-25,2750,12750,22607
2013-04-26,2750,12750,24303
2013-04-27,2750,12750,25379
2013-04-28,2750,12750,27510
2013-04-29,2750,12750,18025
2013-04-30,2750,12750,21299
2013-05-01,2750,12750,22967
2013-05-02,2750,12750,24553
2013-05-03,2750,12750,25996
2013-05-04,2750,12750,27754
2013-05-05,2750,12750,29338
2013-05-06,2750,12750,19464
2013-05-07,2750,12750,22803
2013-05-08,2750,12750,22901
2013-05-09,2750,12750,24404
2013-05-10,2750,12750,25964
2013-05-11,2750,12750,27518
2013-05-12,2750,12750,28968
2013-05-13,2750,12750,19253
2013-05-14,2750,12750,22911
2013-05-15,2750,12750,22831
2013-05-16,2750,12750,24323
2013-05-17,2750,12750,25786
2013-05-18,2750,12750,27575
2013-05-19,2750,12750,29146
2013-05-20,2750,12750,19467
2013-05-21,2750,12750,22750
2013-05-22,2750,12750,22993
2013-05-23,2750,12750,24478
2013-05-24,2750,12750,25950
2013-05-25,2750,12750,27828
2013-05-26,2750,12750,29595
2013-05-27,2750,12750,19470
2013-05-28,2750,12750,22875
2013-05-29,2750,12750,22979
2013-05-30,2750,12750,24310
2013-05-31,2750,12750,26092
2013-06-01,2750,12750,29220
2013-06-02,2750,12750,31279
2013-06-03,2750,12750,20628
2013-06-04,2750,12750,24038
2013-06-05,2750,12750,24326
2013-06-06,2750,12750,26193
2013-06-07,2750,12750,27734
2013-06-08,2750,12750,29487
2013-06-09,2750,12750,30967
2013-06-10,2750,12750,20799
2013-06-11,2750,12750,24653
2013-06-12,2750,12750,24315
2013-06-13,2750,12750,25859
2013-06-14,2750,12750,27635
2013-06-15,2750,12750,29396
2013-06-16,2750,12750,31206
2013-06-17,2750,12750,20532
2013-06-18,2750,12750,24342
2013-06-19,2750,12750,24155
2013-06-20,2750,12750,26128
2013-06-21,2750,12750,27667
2013-06-22,2750,12750,29464
2013-06-23,2750,12750,31470
2013-06-24,2750,12750,20904
2013-06-25,2750,12750,24115
2013-06-26,2750,12750,24449
2013-06-27,2750,12750,26341
2013-06-28,2750,12750,27590
2013-06-29,2750,12750,29449
2013-06-30,2750,12750,31256
2013-07-01,2750,12750,21997
2013-07-02,2750,12750,25802
2013-07-03,2750,12750,25903
2013-07-04,2750,12750,27624
2013-07-05,2750,12750,29418
2013-07-06,2750,12750,31178
2013-07-07,2750,12750,32949
2013-07-08,2750,12750,22288
2013-07-09,2750,12750,25917
2013-07-10,2750,12750,25728
2013-07-11,2750,12750,27977
2013-07-12,2750,12750,29650
2013-07-13,2750,12750,31540
2013-07-14,2750,12750,33113
2013-07-15,2750,12750,22020
2013-07-16,2750,12750,25945
2013-07-17,2750,12750,25664
2013-07-18,2750,12750,27618
2013-07-19,2750,12750,29734
2013-07-20,2750,12750,31281
2013-07-21,2750,12750,33150
2013-07-22,2750,12750,22060
2013-07-23,2750,12750,25682
2013-07-24,2750,12750,26036
2013-07-25,2750,12750,27682
2013-07-26,2750,12750,29585
2013-07-27,2750,12750,31681
2013-07-28,2750,12750,33216
2013-07-29,2750,12750,21987
2013-07-30,2750,12750,25873
2013-07-31,2750,12750,25624
2013-08-01,2750,12750,24052
2013-08-02,2750,12750,26159
2013-08-03,2750,12750,27866
2013-08-04,2750,12750,29301
2013-08-05,2750,12750,19634
2013-08-06,2750,12750,22740
2013-08-07,2750,12750,22455
2013-08-08,2750,12750,24354
2013-08-09,2750,12750,25862
2013-08-10,2750,12750,27482
2013-08-11,2750,12750,29260
2013-08-12,2750,12750,19570
2013-08-13,2750,12750,22645
2013-08-14,2750,12750,22727
2013-08-15,2750,12750,24376
2013-08-16,2750,12750,26232
2013-08-17,2750,12750,27887
2013-08-18,2750,12750,29179
2013-08-19,2750,12750,19336
2013-08-20,2750,12750,22855
2013-08-21,2750,12750,22736
2013-08-22,2750,12750,24523
2013-08-23,2750,12750,25735
2013-08-24,2750,12750,27768
2013-08-25,2750,12750,28990
2013-08-26,2750,12750,19441
2013-08-27,2750,12750,22853
2013-08-28,2750,12750,22831
2013-08-29,2750,12750,24235
2013-08-30,2750,12750,26195
2013-08-31,2750,12750,27482
2013-09-01,2750,12750,27346
2013-09-02,2750,12750,18572
2013-09-03,2750,12750,21395
2013-09-04,2750,12750,21127
2013-09-05,2750,12750,22733
2013-09-06,2750,12750,24393
2013-09-07,2750,12750,25892
2013-09-08,2750,12750,27320
2013-09-09,2750,12750,18130
2013-09-10,2750,12750,21507
2013-09-11,2750,12750,21221
2013-09-12,2750,12750,22751
2013-09-13,2750,12750,24291
2013-09-14,2750,12750,25894
2013-09-15,2750,12750,27255
2013-09-16,2750,12750,18425
2013-09-17,2750,12750,20864
2013-09-18,2750,12750,21368
2013-09-19,2750,12750,23037
2013-09-20,2750,12750,24230
2013-09-21,2750,12750,25981
2013-09-22,2750,12750,27439
2013-09-23,2750,12750,18259
2013-09-24,2750,12750,21223
2013-09-25,2750,12750,21390
2013-09-26,2750,12750,22589
2013-09-27,2750,12750,24295
2013-09-28,2750,12750,25408
2013-09-29,2750,12750,27363
2013-09-30,2750,12750,18209
2013-10-01,2750,12750,19640
2013-10-02,2750,12750,19853
2013-10-03,2750,12750,21059
2013-10-04,2750,12750,22494
2013-10-05,2750,12750,23892
2013-10-06,2750,12750,25318
2013-10-07,2750,12750,17034
2013-10-08,2750,12750,19624
2013-10-09,2750,12750,19519
2013-10-10,2750,12750,21478
2013-10-11,2750,12750,22409
2013-10-12,2750,12750,23836
2013-10-13,2750,12750,25438
2013-10-14,2750,12750,16791
2013-10-15,2750,12750,19615
2013-10-16,2750,12750,19666
2013-10-17,2750,12750,21081
2013-10-18,2750,12750,22378
2013-10-19,2750,12750,24083
2013-10-20,2750,12750,25209
2013-10-21,2750,12750,16765
2013-10-22,2750,12750,19694
2013-10-23,2750,12750,19642
2013-10-24,2750,12750,21126
2013-10-25,2750,12750,22530
2013-10-26,2750,12750,23745
2013-10-27,2750,12750,25247
2013-10-28,2750,12750,16782
2013-10-29,2750,12750,19700
2013-10-30,2750,12750,19854
2013-10-31,2750,12750,21085
2013-11-01,2750,12750,24277
2013-11-02,2750,12750,25569
2013-11-03,2750,12750,27266
2013-11-04,2750,12750,18215
2013-11-05,2750,12750,21255
2013-11-06,2750,12750,21044
2013-11-07,2750,12750,22521
2013-11-08,2750,12750,24466
2013-11-09,2750,12750,25864
2013-11-10,2750,12750,27191
2013-11-11,2750,12750,18375
2013-11-12,2750,12750,21249
2013-11-13,2750,12750,21174
2013-11-14,2750,12750,22555
2013-11-15,2750,12750,24262
2013-11-16,2750,12750,25710
2013-11-17,2750,12750,27248
2013-11-18,2750,12750,18251
2013-11-19,2750,12750,21276
2013-11-20,2750,12750,21413
2013-11-21,2750,12750,22566
2013-11-22,2750,12750,24461
2013-11-23,2750,12750,25820
2013-11-24,2750,12750,27319
2013-11-25,2750,12750,18260
2013-11-26,2750,12750,21145
2013-11-27,2750,12750,21306
2013-11-28,2750,12750,22574
2013-11-29,2750,12750,24308
2013-11-30,2750,12750,25703
2013-12-01,2750,12750,19357
2013-12-02,2750,12750,13141
2013-12-03,2750,12750,15226
2013-12-04,2750,12750,15280
2013-12-05,2750,12750,16227
2013-12-06,2750,12750,17429
2013-12-07,2750,12750,18609
2013-12-08,2750,12750,19287
2013-12-09,2750,12750,12942
2013-12-10,2750,12750,15171
2013-12-11,2750,12750,15230
2013-12-12,2750,12750,16316
2013-12-13,2750,12750,17284
2013-12-14,2750,12750,18335
2013-12-15,2750,12750,19738
2013-12-16,2750,12750,13088
2013-12-17,2750,12750,14975
2013-12-18,2750,12750,15104
2013-12-19,2750,12750,16132
2013-12-20,2750,12750,17173
2013-12-21,2750,12750,18511
2013-12-22,2750,12750,19693
2013-12-23,2750,12750,13038
2013-12-24,2750,12750,15126
2013-12-25,2750,12750,15351
2013-12-26,2750,12750,16214
2013-12-27,2750,12750,17047
2013-12-28,2750,12750,18433
2013-12-29,2750,12750,19148
2013-12-30,2750,12750,12958
2013-12-31,2750,12750,15044
2014-01-01,2750,12750,15556
2014-01-02,2750,12750,17033
2014-01-03,2750,12750,17746
2014-01-04,2750,12750,19184
2014-01-05,2750,12750,20182
2014-01-06,2750,12750,13438
2014-01-07,2750,12750,15664
2014-01-08,2750,12750,15682
2014-01-09,2750,12750,16975
2014-01-10,2750,12750,17957
2014-01-11,2750,12750,18925
2014-01-12,2750,12750,19973
2014-01-13,2750,12750,13408
2014-01-14,2750,12750,15738
2014-01-15,2750,12750,15590
2014-01-16,2750,12750,17015
2014-01-17,2750,12750,17888
2014-01-18,2750,12750,18964
2014-01-19,2750,12750,20093
2014-01-20,2750,12750,13520
2014-01-21,2750,12750,15484
2014-01-22,2750,12750,15725
2014-01-23,2750,12750,16746
2014-01-24,2750,12750,18260
2014-01-25,2750,12750,19179
2014-01-26,2750,12750,20232
2014-01-27,2750,12750,13469
2014-01-28,2750,12750,15725
2014-01-29,2750,12750,15664
2014-01-30,2750,12750,16899
2014-01-31,2750,12750,18073
2014-02-01,2750,12750,21074
2014-02-02,2750,12750,22709
2014-02-03,2750,12750,15055
2014-02-04,2750,12750,17488
2014-02-05,2750,12750,17763
2014-02-06,2750,12750,18836
2014-02-07,2750,12750,19780
2014-02-08,2750,12750,21400
2014-02-09,2750,12750,22544
2014-02-10,2750,12750,14817
2014-02-11,2750,12750,17457
2014-02-12,2750,12750,17386
2014-02-13,2750,12750,18565
2014-02-14,2750,12750,19992
2014-02-15,2750,12750,21063
2014-02-16,2750,12750,22409
2014-02-17,2750,12750,14814
2014-02-18,2750,12750,17407
2014-02-19,2750,12750,17556
2014-02-20,2750,12750,18755
2014-02-21,2750,12750,19872
2014-02-22,2750,12750,21066
2014-02-23,2750,12750,22515
2014-02-24,2750,12750,15126
2014-02-25,2750,12750,17419
2014-02-26,2750,12750,17682
2014-02-27,2750,12750,18602
2014-02-28,2750,12750,19965
2014-03-01,2750,12750,25245
2014-03-02,2750,12750,26956
2014-03-03,2750,12750,17983
2014-03-04,2750,12750,21160
2014-03-05,2750,12750,21097
2014-03-06,2750,12750,22364
2014-03-07,2750,12750,24118
2014-03-08,2750,12750,25273
2014-03-09,2750,12750,26992
2014-03-10,2750,12750,17878
2014-03-11,2750,12750,20909
2014-03-12,2750,12750,20798
2014-03-13,2750,12750,22427
2014-03-14,2750,12750,24076
2014-03-15,2750,12750,25687
2014-03-16,2750,12750,26959
2014-03-17,2750,12750,17885
2014-03-18,2750,12750,20876
2014-03-19,2750,12750,20864
2014-03-20,2750,12750,22165
2014-03-21,2750,12750,23846
2014-03-22,2750,12750,25458
2014-03-23,2750,12750,26990
2014-03-24,2750,12750,17895
2014-03-25,2750,12750,20666
2014-03-26,2750,12750,21021
2014-03-27,2750,12750,22387
2014-03-28,2750,12750,23942
2014-03-29,2750,12750,25452
2014-03-30,2750,12750,26951
2014-03-31,2750,12750,17981
2014-04-01,2750,12750,24103
2014-04-02,2750,12750,24301
2014-04-03,2750,12750,26418
2014-04-04,2750,12750,27696
2014-04-05,2750,12750,29703
2014-04-06,2750,12750,31780
2014-04-07,2750,12750,20951
2014-04-08,2750,12750,24539
2014-04-09,2750,12750,24431
2014-04-10,2750,12750,26201
2014-04-11,2750,12750,27741
2014-04-12,2750,12750,29516
2014-04-13,2750,12750,31455
2014-04-14,2750,12750,20991
2014-04-15,2750,12750,24536
2014-04-16,2750,12750,24438
2014-04-17,2750,12750,26447
2014-04-18,2750,12750,27681
2014-04-19,2750,12750,29683
2014-04-20,2750,12750,31447
2014-04-21,2750,12750,20859
2014-04-22,2750,12750,24655
2014-04-23,2750,12750,24392
2014-04-24,2750,12750,25999
2014-04-25,2750,12750,27897
2014-04-26,2750,12750,29580
2014-04-27,2750,12750,31587
2014-04-28,2750,12750,20836
2014-04-29,2750,12750,24516
2014-04-30,2750,12750,24535
2014-05-01,2750,12750,28151
2014-05-02,2750,12750,30139
2014-05-03,2750,12750,31794
2014-05-04,2750,12750,33676
2014-05-05,2750,12750,22378
2014-05-06,2750,12750,26479
2014-05-07,2750,12750,25984
2014-05-08,2750,12750,27778
2014-05-09,2750,12750,29749
2014-05-10,2750,12750,31806
2014-05-11,2750,12750,33507
2014-05-12,2750,12750,22696
2014-05-13,2750,12750,26378
2014-05-14,2750,12750,26333
2014-05-15,2750,12750,28119
2014-05-16,2750,12750,29776
2014-05-17,2750,12750,32158
2014-05-18,2750,12750,33673
2014-05-19,2750,12750,22323
2014-05-20,2750,12750,26124
2014-05-21,2750,12750,26264
2014-05-22,2750,12750,27950
2014-05-23,2750,12750,29521
2014-05-24,2750,12750,31836
2014-05-25,2750,12750,33514
2014-05-26,2750,12750,22496
2014-05-27,2750,12750,26289
2014-05-28,2750,12750,26186
2014-05-29,2750,12750,28034
2014-05-30,2750,12750,30031
2014-05-31,2750,12750,31735
2014-06-01,2750,12750,35900
2014-06-02,2750,12750,23934
2014-06-03,2750,12750,27617
2014-06-04,2750,12750,28218
2014-06-05,2750,12750,29873
2014-06-06,2750,12750,31662
2014-06-07,2750,12750,33478
2014-06-08,2750,12750,35783
2014-06-09,2750,12750,23951
2014-06-10,2750,12750,28081
2014-06-11,2750,12750,27903
2014-06-12,2750,12750,29754
2014-06-13,2750,12750,31897
2014-06-14,2750,12750,34206
2014-06-15,2750,12750,36461
2014-06-16,2750,12750,24053
2014-06-17,2750,12750,28005
2014-06-18,2750,12750,28032
2014-06-19,2750,12750,30049
2014-06-20,2750,12750,32021
2014-06-21,2750,12750,34410
2014-06-22,2750,12750,35673
2014-06-23,2750,12750,24196
2014-06-24,2750,12750,27551
2014-06-25,2750,12750,28036
2014-06-26,2750,12750,30294
2014-06-27,2750,12750,32013
2014-06-28,2750,12750,34048
2014-06-29,2750,12750,35998
2014-06-30,2750,12750,23745
2014-07-01,2750,12750,29579
2014-07-02,2750,12750,29762
2014-07-03,2750,12750,31782
2014-07-04,2750,12750,33961
2014-07-05,2750,12750,36006
2014-07-06,2750,12750,38209
2014-07-07,2750,12750,25578
2014-07-08,2750,12750,29800
2014-07-09,2750,12750,29318
2014-07-10,2750,12750,31885
2014-07-11,2750,12750,33769
2014-07-12,2750,12750,36069
2014-07-13,2750,12750,37848
2014-07-14,2750,12750,25248
2014-07-15,2750,12750,29718
2014-07-16,2750,12750,29528
2014-07-17,2750,12750,31792
2014-07-18,2750,12750,34170
2014-07-19,2750,12750,35808
2014-07-20,2750,12750,38144
2014-07-21,2750,12750,25612
2014-07-22,2750,12750,29399
2014-07-23,2750,12750,29268
2014-07-24,2750,12750,31646
2014-07-25,2750,12750,34104
2014-07-26,2750,12750,36260
2014-07-27,2750,12750,38318
2014-07-28,2750,12750,25322
2014-07-29,2750,12750,29621
2014-07-30,2750,12750,29711
2014-07-31,2750,12750,31775
2014-08-01,2750,12750,29642
2014-08-02,2750,12750,31897
2014-08-03,2750,12750,33246
2014-08-04,2750,12750,22345
2014-08-05,2750,12750,26079
2014-08-06,2750,12750,26257
2014-08-07,2750,12750,27901
2014-08-08,2750,12750,29827
2014-08-09,2750,12750,31695
2014-08-10,2750,12750,33779
2014-08-11,2750,12750,22391
2014-08-12,2750,12750,26083
2014-08-13,2750,12750,26014
2014-08-14,2750,12750,28076
2014-08-15,2750,12750,29659
2014-08-16,2750,12750,31769
2014-08-17,2750,12750,33894
2014-08-18,2750,12750,22459
2014-08-19,2750,12750,26039
2014-08-20,2750,12750,26100
2014-08-21,2750,12750,27962
2014-08-22,2750,12750,29512
2014-08-23,2750,12750,31607
2014-08-24,2750,12750,33539
2014-08-25,2750,12750,22324
2014-08-26,2750,12750,26317
2014-08-27,2750,12750,26085
2014-08-28,2750,12750,27809
2014-08-29,2750,12750,29959
2014-08-30,2750,12750,31719
2014-08-31,2750,12750,33611
2014-09-01,2750,12750,20772
2014-09-02,2750,12750,24341
2014-09-03,2750,12750,24387
2014-09-04,2750,12750,26218
2014-09-05,2750,12750,28026
2014-09-06,2750,12750,29445
2014-09-07,2750,12750,31581
2014-09-08,2750,12750,20996
2014-09-09,2750,12750,24486
2014-09-10,2750,12750,24514
2014-09-11,2750,12750,25909
2014-09-12,2750,12750,27723
2014-09-13,2750,12750,29808
2014-09-14,2750,12750,31629
2014-09-15,2750,12750,21119
2014-09-16,2750,12750,24443
2014-09-17,2750,12750,24439
2014-09-18,2750,12750,26266
2014-09-19,2750,12750,28130
2014-09-20,2750,12750,29770
2014-09-21,2750,12750,31388
2014-09-22,2750,12750,21022
2014-09-23,2750,12750,24423
2014-09-24,2750,12750,24220
2014-09-25,2750,12750,26262
2014-09-26,2750,12750,27575
2014-09-27,2750,12750,29745
2014-09-28,2750,12750,31266
2014-09-29,2750,12750,20932
2014-09-30,2750,12750,24289
2014-10-01,2750,12750,22672
2014-10-02,2750,12750,24589
2014-10-03,2750,12750,25866
2014-10-04,2750,12750,27581
2014-10-05,2750,12750,29000
2014-10-06,2750,12750,19523
2014-10-07,2750,12750,22345
2014-10-08,2750,12750,22866
2014-10-09,2750,12750,24245
2014-10-10,2750,12750,25736
2014-10-11,2750,12750,27251
2014-10-12,2750,12750,29066
2014-10-13,2750,12750,19517
2014-10-14,2750,12750,22779
2014-10-15,2750,12750,22462
2014-10-16,2750,12750,23929
2014-10-17,2750,12750,25753
2014-10-18,2750,12750,27647
2014-10-19,2750,12750,29173
2014-10-20,2750,12750,19415
2014-10-21,2750,12750,22814
2014-10-22,2750,12750,22864
2014-10-23,2750,12750,24325
2014-10-24,2750,12750,25959
2014-10-25,2750,12750,27547
2014-10-26,2750,12750,29107
2014-10-27,2750,12750,19401
2014-10-28,2750,12750,22657
2014-10-29,2750,12750,22680
2014-10-30,2750,12750,24211
2014-10-31,2750,12750,25903
2014-11-01,2750,12750,29728
2014-11-02,2750,12750,31225
2014-11-03,2750,12750,21085
2014-11-04,2750,12750,24251
2014-11-05,2750,12750,24300
2014-11-06,2750,12750,26394
2014-11-07,2750,12750,27867
2014-11-08,2750,12750,29582
2014-11-09,2750,12750,31175
2014-11-10,2750,12750,20722
2014-11-11,2750,12750,24552
2014-11-12,2750,12750,24561
2014-11-13,2750,12750,26238
2014-11-14,2750,12750,28003
2014-11-15,2750,12750,29736
2014-11-16,2750,12750,31354
2014-11-17,2750,12750,20880
2014-11-18,2750,12750,24357
2014-11-19,2750,12750,24476
2014-11-20,2750,12750,26057
2014-11-21,2750,12750,27690
2014-11-22,2750,12750,29744
2014-11-23,2750,12750,31505
2014-11-24,2750,12750,21103
2014-11-25,2750,12750,24492
2014-11-26,2750,12750,24623
2014-11-27,2750,12750,26079
2014-11-28,2750,12750,28029
2014-11-29,2750,12750,29651
2014-11-30,2750,12750,31324
2014-12-01,2750,12750,14986
2014-12-02,2750,12750,17517
2014-12-03,2750,12750,17328
2014-12-04,2750,12750,18689
2014-12-05,2750,12750,19966
2014-12-06,2750,12750,21245
2014-12-07,2750,12750,22015
2014-12-08,2750,12750,15057
2014-12-09,2750,12750,17656
2014-12-10,2750,12750,17429
2014-12-11,2750,12750,18691
2014-12-12,2750,12750,19874
2014-12-13,2750,12750,21291
2014-12-14,2750,12750,22468
2014-12-15,2750,12750,14756
2014-12-16,2750,12750,17518
2014-12-17,2750,12750,17689
2014-12-18,2750,12750,18733
2014-12-19,2750,12750,20006
2014-12-20,2750,12750,20945
2014-12-21,2750,12750,22497
2014-12-22,2750,12750,15052
2014-12-23,2750,12750,17498
2014-12-24,2750,12750,17274
2014-12-25,2750,12750,18607
2014-12-26,2750,12750,19879
2014-12-27,2750,12750,21317
2014-12-28,2750,12750,22532
2014-12-29,2750,12750,14888
2014-12-30,2750,12750,17407
2014-12-31,2750,12750,17238
2015-01-01,2750,12750,17226
2015-01-02,2750,12750,18719
2015-01-03,2750,12750,19798
2015-01-04,2750,12750,21101
2015-01-05,2750,12750,14235
2015-01-06,2750,12750,16424
2015-01-07,2750,12750,16273
2015-01-08,2750,12750,17687
2015-01-09,2750,12750,18816
2015-01-10,2750,12750,19939
2015-01-11,2750,12750,21161
2015-01-12,2750,12750,13968
2015-01-13,2750,12750,16418
2015-01-14,2750,12750,16542
2015-01-15,2750,12750,17596
2015-01-16,2750,12750,18490
2015-01-17,2750,12750,19967
2015-01-18,2750,12750,21025
2015-01-19,2750,12750,14168
2015-01-20,2750,12750,16309
2015-01-21,2750,12750,16381
2015-01-22,2750,12750,17630
2015-01-23,2750,12750,18720
2015-01-24,2750,12750,19820
2015-01-25,2750,12750,21212
2015-01-26,2750,12750,14069
2015-01-27,2750,12750,16418
2015-01-28,2750,12750,16457
2015-01-29,2750,12750,17272
2015-01-30,2750,12750,18772
2015-01-31,2750,12750,19900
2015-02-01,2750,12750,23395
2015-02-02,2750,12750,15583
2015-02-03,2750,12750,18109
2015-02-04,2750,12750,18129
2015-02-05,2750,12750,19549
2015-02-06,2750,12750,20807
2015-02-07,2750,12750,22209
2015-02-08,2750,12750,23586
2015-02-09,2750,12750,15756
2015-02-10,2750,12750,18379
2015-02-11,2750,12750,18330
2015-02-12,2750,12750,19513
2015-02-13,2750,12750,20586
2015-02-14,2750,12750,22041
2015-02-15,2750,12750,23276
2015-02-16,2750,12750,15509
2015-02-17,2750,12750,18261
2015-02-18,2750,12750,18167
2015-02-19,2750,12750,19773
2015-02-20,2750,12750,20843
2015-02-21,2750,12750,22021
2015-02-22,2750,12750,23501
2015-02-23,2750,12750,15493
2015-02-24,2750,12750,18100
2015-02-25,2750,12750,18161
2015-02-26,2750,12750,19592
2015-02-27,2750,12750,20709
2015-02-28,2750,12750,21939
2015-03-01,2750,12750,28266
2015-03-02,2750,12750,18676
2015-03-03,2750,12750,21866
2015-03-04,2750,12750,21850
2015-03-05,2750,12750,23536
2015-03-06,2750,12750,24881
2015-03-07,2750,12750,26729
2015-03-08,2750,12750,28151
2015-03-09,2750,12750,18575
2015-03-10,2750,12750,21732
2015-03-11,2750,12750,21864
2015-03-12,2750,12750,23506
2015-03-13,2750,12750,25084
2015-03-14,2750,12750,26436
2015-03-15,2750,12750,28128
2015-03-16,2750,12750,18880
2015-03-17,2750,12750,21806
2015-03-18,2750,12750,21819
2015-03-19,2750,12750,23176
2015-03-20,2750,12750,25513
2015-03-21,2750,12750,26611
2015-03-22,2750,12750,28296
2015-03-23,2750,12750,18606
2015-03-24,2750,12750,21887
2015-03-25,2750,12750,21688
2015-03-26,2750,12750,23218
2015-03-27,2750,12750,24810
2015-03-28,2750,12750,26389
2015-03-29,2750,12750,28255
2015-03-30,2750,12750,18910
2015-03-31,2750,12750,21807
2015-04-01,2750,12750,25302
2015-04-02,2750,12750,27441
2015-04-03,2750,12750,29424
2015-04-04,2750,12750,30829
2015-04-05,2750,12750,32725
2015-04-06,2750,12750,21875
2015-04-07,2750,12750,25554
2015-04-08,2750,12750,25013
2015-04-09,2750,12750,27528
2015-04-10,2750,12750,29001
2015-04-11,2750,12750,31027
2015-04-12,2750,12750,32972
2015-04-13,2750,12750,21687
2015-04-14,2750,12750,25281
2015-04-15,2750,12750,25078
2015-04-16,2750,12750,27477
2015-04-17,2750,12750,29424
2015-04-18,2750,12750,31103
2015-04-19,2750,12750,33013
2015-04-20,2750,12750,21693
2015-04-21,2750,12750,25243
2015-04-22,2750,12750,25459
2015-04-23,2750,12750,27391
2015-04-24,2750,12750,29015
2015-04-25,2750,12750,30837
2015-04-26,2750,12750,32965
2015-04-27,2750,12750,21792
2015-04-28,2750,12750,25437
2015-04-29,2750,12750,25375
2015-04-30,2750,12750,27506
2015-05-01,2750,12750,31268
2015-05-02,2750,12750,33053
2015-05-03,2750,12750,34732
2015-05-04,2750,12750,23355
2015-05-05,2750,12750,27256
2015-05-06,2750,12750,27375
2015-05-07,2750,12750,29216
2015-05-08,2750,12750,31214
2015-05-09,2750,12750,33102
2015-05-10,2750,12750,35067
2015-05-11,2750,12750,23295
2015-05-12,2750,12750,27255
2015-05-13,2750,12750,27244
2015-05-14,2750,12750,29545
2015-05-15,2750,12750,31220
2015-05-16,2750,12750,33216
2015-05-17,2750,12750,35300
2015-05-18,2750,12750,23409
2015-05-19,2750,12750,27512
2015-05-20,2750,12750,27574
2015-05-21,2750,12750,29428
2015-05-22,2750,12750,30977
2015-05-23,2750,12750,33135
2015-05-24,2750,12750,35124
2015-05-25,2750,12750,23434
2015-05-26,2750,12750,27535
2015-05-27,2750,12750,27340
2015-05-28,2750,12750,29231
2015-05-29,2750,12750,31379
2015-05-30,2750,12750,33074
2015-05-31,2750,12750,35037
2015-06-01,2750,12750,24904
2015-06-02,2750,12750,29260
2015-06-03,2750,12750,29111
2015-06-04,2750,12750,31413
2015-06-05,2750,12750,33351
2015-06-06,2750,12750,35314
2015-06-07,2750,12750,37528
2015-06-08,2750,12750,24907
2015-06-09,2750,12750,29264
2015-06-10,2750,12750,29056
2015-06-11,2750,12750,31403
2015-06-12,2750,12750,33313
2015-06-13,2750,12750,35597
2015-06-14,2750,12750,37802
2015-06-15,2750,12750,24819
2015-06-16,2750,12750,29246
2015-06-17,2750,12750,29104
2015-06-18,2750,12750,31188
2015-06-19,2750,12750,33201
2015-06-20,2750,12750,35337
2015-06-21,2750,12750,37431
2015-06-22,2750,12750,24773
2015-06-23,2750,12750,29165
2015-06-24,2750,12750,29154
2015-06-25,2750,12750,31048
2015-06-26,2750,12750,33415
2015-06-27,2750,12750,35251
2015-06-28,2750,12750,37410
2015-06-29,2750,12750,25074
2015-06-30,2750,12750,29345
2015-07-01,2750,12750,30703
2015-07-02,2750,12750,33134
2015-07-03,2750,12750,35498
2015-07-04,2750,12750,37776
2015-07-05,2750,12750,39740
2015-07-06,2750,12750,26519
2015-07-07,2750,12750,30916
2015-07-08,2750,12750,31200
2015-07-09,2750,12750,32963
2015-07-10,2750,12750,35418
2015-07-11,2750,12750,37640
2015-07-12,2750,12750,39794
2015-07-13,2750,12750,26708
2015-07-14,2750,12750,30928
2015-07-15,2750,12750,31097
2015-07-16,2750,12750,33179
2015-07-17,2750,12750,35368
2015-07-18,2750,12750,37568
2015-07-19,2750,12750,39667
2015-07-20,2750,12750,26777
2015-07-21,2750,12750,30881
2015-07-22,2750,12750,31013
2015-07-23,2750,12750,33244
2015-07-24,2750,12750,35459
2015-07-25,2750,12750,37608
2015-07-26,2750,12750,39536
2015-07-27,2750,12750,26406
2015-07-28,2750,12750,30946
2015-07-29,2750,12750,30912
2015-07-30,2750,12750,33443
2015-07-31,2750,12750,35309
2015-08-01,2750,12750,33345
2015-08-02,2750,12750,35387
2015-08-03,2750,12750,23701
2015-08-04,2750,12750,27120
2015-08-05,2750,12750,27202
2015-08-06,2750,12750,29477
2015-08-07,2750,12750,31296
2015-08-08,2750,12750,33312
2015-08-09,2750,12750,35331
2015-08-10,2750,12750,23336
2015-08-11,2750,12750,27228
2015-08-12,2750,12750,27069
2015-08-13,2750,12750,29310
2015-08-14,2750,12750,31302
2015-08-15,2750,12750,33119
2015-08-16,2750,12750,35148
2015-08-17,2750,12750,23547
2015-08-18,2750,12750,27094
2015-08-19,2750,12750,27417
2015-08-20,2750,12750,29293
2015-08-21,2750,12750,31598
2015-08-22,2750,12750,33080
2015-08-23,2750,12750,35223
2015-08-24,2750,12750,23355
2015-08-25,2750,12750,27058
2015-08-26,2750,12750,27259
2015-08-27,2750,12750,29414
2015-08-28,2750,12750,31286
2015-08-29,2750,12750,33113
2015-08-30,2750,12750,35404
2015-08-31,2750,12750,23577
2015-09-01,2750,12750,25375
2015-09-02,2750,12750,25486
2015-09-03,2750,12750,27467
2015-09-04,2750,12750,29415
2015-09-05,2750,12750,30808
2015-09-06,2750,12750,32969
2015-09-07,2750,12750,21833
2015-09-08,2750,12750,25362
2015-09-09,2750,12750,25604
2015-09-10,2750,12750,27349
2015-09-11,2750,12750,29173
2015-09-12,2750,12750,30496
2015-09-13,2750,12750,32896
2015-09-14,2750,12750,21728
2015-09-15,2750,12750,25728
2015-09-16,2750,12750,25589
2015-09-17,2750,12750,27367
2015-09-18,2750,12750,29161
2015-09-19,2750,12750,30976
2015-09-20,2750,12750,32869
2015-09-21,2750,12750,22012
2015-09-22,2750,12750,25355
2015-09-23,2750,12750,25368
2015-09-24,2750,12750,27391
2015-09-25,2750,12750,29104
2015-09-26,2750,12750,30867
2015-09-27,2750,12750,32705
2015-09-28,2750,12750,21847
2015-09-29,2750,12750,25587
2015-09-30,2750,12750,25445
2015-10-01,2750,12750,25417
2015-10-02,2750,12750,27127
2015-10-03,2750,12750,28730
2015-10-04,2750,12750,30353
2015-10-05,2750,12750,20370
2015-10-06,2750,12750,23618
2015-10-07,2750,12750,23594
2015-10-08,2750,12750,25260
2015-10-09,2750,12750,26685
2015-10-10,2750,12750,28478
2015-10-11,2750,12750,30534
2015-10-12,2750,12750,20316
2015-10-13,2750,12750,23738
2015-10-14,2750,12750,23548
2015-10-15,2750,12750,25339
2015-10-16,2750,12750,26984
2015-10-17,2750,12750,28702
2015-10-18,2750,12750,30511
2015-10-19,2750,12750,20182
2015-10-20,2750,12750,23680
2015-10-21,2750,12750,23677
2015-10-22,2750,12750,25347
2015-10-23,2750,12750,27057
2015-10-24,2750,12750,28733
2015-10-25,2750,12750,30639
2015-10-26,2750,12750,20188
2015-10-27,2750,12750,23651
2015-10-28,2750,12750,23792
2015-10-29,2750,12750,24999
2015-10-30,2750,12750,27160
2015-10-31,2750,12750,28844
2015-11-01,2750,12750,32817
2015-11-02,2750,12750,21871
2015-11-03,2750,12750,25586
2015-11-04,2750,12750,25555
2015-11-05,2750,12750,27526
2015-11-06,2750,12750,29107
2015-11-07,2750,12750,30781
2015-11-08,2750,12750,32839
2015-11-09,2750,12750,21544
2015-11-10,2750,12750,25442
2015-11-11,2750,12750,25533
2015-11-12,2750,12750,27332
2015-11-13,2750,12750,29194
2015-11-14,2750,12750,31112
2015-11-15,2750,12750,32854
2015-11-16,2750,12750,21942
2015-11-17,2750,12750,25672
2015-11-18,2750,12750,25412
2015-11-19,2750,12750,27287
2015-11-20,2750,12750,29165
2015-11-21,2750,12750,31082
2015-11-22,2750,12750,32732
2015-11-23,2750,12750,21653
2015-11-24,2750,12750,25667
2015-11-25,2750,12750,25490
2015-11-26,2750,12750,27637
2015-11-27,2750,12750,29359
2015-11-28,2750,12750,30957
2015-11-29,2750,12750,32834
2015-11-30,2750,12750,21663
2015-12-01,2750,12750,18016
2015-12-02,2750,12750,18243
2015-12-03,2750,12750,19543
2015-12-04,2750,12750,20652
2015-12-05,2750,12750,22237
2015-12-06,2750,12750,23745
2015-12-07,2750,12750,15550
2015-12-08,2750,12750,18296
2015-12-09,2750,12750,18273
2015-12-10,2750,12750,19299
2015-12-11,2750,12750,20780
2015-12-12,2750,12750,22122
2015-12-13,2750,12750,23290
2015-12-14,2750,12750,15663
2015-12-15,2750,12750,18454
2015-12-16,2750,12750,18517
2015-12-17,2750,12750,19401
2015-12-18,2750,12750,20837
2015-12-19,2750,12750,21835
2015-12-20,2750,12750,23579
2015-12-21,2750,12750,15669
2015-12-22,2750,12750,18008
2015-12-23,2750,12750,18031
2015-12-24,2750,12750,19591
2015-12-25,2750,12750,20877
2015-12-26,2750,12750,22256
2015-12-27,2750,12750,23268
2015-12-28,2750,12750,15569
2015-12-29,2750,12750,18403
2015-12-30,2750,12750,18191
2015-12-31,2750,12750,19377
2016-01-01,2750,12750,20158
2016-01-02,2750,12750,21280
2016-01-03,2750,12750,22911
2016-01-04,2750,12750,15199
2016-01-05,2750,12750,17806
2016-01-06,2750,12750,17789
2016-01-07,2750,12750,19107
2016-01-08,2750,12750,20265
2016-01-09,2750,12750,21309
2016-01-10,2750,12750,22811
2016-01-11,2750,12750,15385
2016-01-12,2750,12750,17721
2016-01-13,2750,12750,17649
2016-01-14,2750,12750,19287
2016-01-15,2750,12750,20354
2016-01-16,2750,12750,21665
2016-01-17,2750,12750,22813
2016-01-18,2750,12750,15100
2016-01-19,2750,12750,17804
2016-01-20,2750,12750,17952
2016-01-21,2750,12750,18975
2016-01-22,2750,12750,20243
2016-01-23,2750,12750,21515
2016-01-24,2750,12750,22774
2016-01-25,2750,12750,15271
2016-01-26,2750,12750,17794
2016-01-27,2750,12750,18023
2016-01-28,2750,12750,19016
2016-01-29,2750,12750,20209
2016-01-30,2750,12750,21535
2016-01-31,2750,12750,22719
2016-02-01,2750,12750,17009
2016-02-02,2750,12750,19801
2016-02-03,2750,12750,19773
2016-02-04,2750,12750,20981
2016-02-05,2750,12750,22494
2016-02-06,2750,12750,23999
2016-02-07,2750,12750,25046
2016-02-08,2750,12750,17031
2016-02-09,2750,12750,19880
2016-02-10,2750,12750,19560
2016-02-11,2750,12750,21257
2016-02-12,2750,12750,22517
2016-02-13,2750,12750,24040
2016-02-14,2750,12750,25234
2016-02-15,2750,12750,16911
2016-02-16,2750,12750,19764
2016-02-17,2750,12750,19858
2016-02-18,2750,12750,21016
2016-02-19,2750,12750,22721
2016-02-20,2750,12750,23977
2016-02-21,2750,12750,25500
2016-02-22,2750,12750,17037
2016-02-23,2750,12750,19798
2016-02-24,2750,12750,19528
2016-02-25,2750,12750,21195
2016-02-26,2750,12750,22588
2016-02-27,2750,12750,24090
2016-02-28,2750,12750,25436
2016-02-29,2750,12750,16916
2016-03-01,2750,12750,23682
2016-03-02,2750,12750,23554
2016-03-03,2750,12750,25696
2016-03-04,2750,12750,27149
2016-03-05,2750,12750,28965
2016-03-06,2750,12750,30323
2016-03-07,2750,12750,20090
2016-03-08,2750,12750,23593
2016-03-09,2750,12750,23866
2016-03-10,2750,12750,25416
2016-03-11,2750,12750,27368
2016-03-12,2750,12750,28715
2016-03-13,2750,12750,30321
2016-03-14,2750,12750,20454
2016-03-15,2750,12750,23707
2016-03-16,2750,12750,23510
2016-03-17,2750,12750,25547
2016-03-18,2750,12750,27266
2016-03-19,2750,12750,28717
2016-03-20,2750,12750,30461
2016-03-21,2750,12750,20379
2016-03-22,2750,12750,23905
2016-03-23,2750,12750,23729
2016-03-24,2750,12750,25420
2016-03-25,2750,12750,26887
2016-03-26,2750,12750,28640
2016-03-27,2750,12750,30491
2016-03-28,2750,12750,20448
2016-03-29,2750,12750,23688
2016-03-30,2750,12750,23769
2016-03-31,2750,12750,25125
2016-04-01,2750,12750,31715
2016-04-02,2750,12750,33021
2016-04-03,2750,12750,35681
2016-04-04,2750,12750,23543
2016-04-05,2750,12750,27601
2016-04-06,2750,12750,27490
2016-04-07,2750,12750,29716
2016-04-08,2750,12750,31612
2016-04-09,2750,12750,33617
2016-04-10,2750,12750,35731
2016-04-11,2750,12750,23813
2016-04-12,2750,12750,27621
2016-04-13,2750,12750,27507
2016-04-14,2750,12750,29504
2016-04-15,2750,12750,31445
2016-04-16,2750,12750,33306
2016-04-17,2750,12750,35747
2016-04-18,2750,12750,23660
2016-04-19,2750,12750,27752
2016-04-20,2750,12750,27627
2016-04-21,2750,12750,29403
2016-04-22,2750,12750,31583
2016-04-23,2750,12750,33316
2016-04-24,2750,12750,35576
2016-04-25,2750,12750,23614
2016-04-26,2750,12750,27858
2016-04-27,2750,12750,27531
2016-04-28,2750,12750,29657
2016-04-29,2750,12750,31920
2016-04-30,2750,12750,33783
2016-05-01,2750,12750,37851
2016-05-02,2750,12750,25303
2016-05-03,2750,12750,29568
2016-05-04,2750,12750,29903
2016-05-05,2750,12750,31698
2016-05-06,2750,12750,34013
2016-05-07,2750,12750,35855
2016-05-08,2750,12750,38319
2016-05-09,2750,12750,25444
2016-05-10,2750,12750,29485
2016-05-11,2750,12750,29448
2016-05-12,2750,12750,31945
2016-05-13,2750,12750,33813
2016-05-14,2750,12750,35516
2016-05-15,2750,12750,37877
2016-05-16,2750,12750,25588
2016-05-17,2750,12750,29539
2016-05-18,2750,12750,29725
2016-05-19,2750,12750,31731
2016-05-20,2750,12750,34089
2016-05-21,2750,12750,35575
2016-05-22,2750,12750,37914
2016-05-23,2750,12750,25452
2016-05-24,2750,12750,29351
2016-05-25,2750,12750,29502
2016-05-26,2750,12750,31527
2016-05-27,2750,12750,33980
2016-05-28,2750,12750,36081
2016-05-29,2750,12750,38372
2016-05-30,2750,12750,25008
2016-05-31,2750,12750,29258
2016-06-01,2750,12750,31697
2016-06-02,2750,12750,33837
2016-06-03,2750,12750,35816
2016-06-04,2750,12750,38188
2016-06-05,2750,12750,40814
2016-06-06,2750,12750,27517
2016-06-07,2750,12750,31647
2016-06-08,2750,12750,31561
2016-06-09,2750,12750,33981
2016-06-10,2750,12750,36021
2016-06-11,2750,12750,38335
2016-06-12,2750,12750,40709
2016-06-13,2750,12750,27062
2016-06-14,2750,12750,31685
2016-06-15,2750,12750,31566
2016-06-16,2750,12750,33888
2016-06-17,2750,12750,36221
2016-06-18,2750,12750,38032
2016-06-19,2750,12750,40460
2016-06-20,2750,12750,27024
2016-06-21,2750,12750,31377
2016-06-22,2750,12750,31960
2016-06-23,2750,12750,33941
2016-06-24,2750,12750,36147
2016-06-25,2750,12750,38364
2016-06-26,2750,12750,40921
2016-06-27,2750,12750,26884
2016-06-28,2750,12750,31539
2016-06-29,2750,12750,31638
2016-06-30,2750,12750,33832
2016-07-01,2750,12750,38583
2016-07-02,2750,12750,40534
2016-07-03,2750,12750,43103
2016-07-04,2750,12750,28792
2016-07-05,2750,12750,33392
2016-07-06,2750,12750,33287
2016-07-07,2750,12750,36191
2016-07-08,2750,12750,38181
2016-07-09,2750,12750,40713
2016-07-10,2750,12750,43427
2016-07-11,2750,12750,28907
2016-07-12,2750,12750,33393
2016-07-13,2750,12750,34001
2016-07-14,2750,12750,35846
2016-07-15,2750,12750,38335
2016-07-16,2750,12750,40583
2016-07-17,2750,12750,43247
2016-07-18,2750,12750,28756
2016-07-19,2750,12750,33862
2016-07-20,2750,12750,33718
2016-07-21,2750,12750,36298
2016-07-22,2750,12750,38543
2016-07-23,2750,12750,40143
2016-07-24,2750,12750,42881
2016-07-25,2750,12750,28765
2016-07-26,2750,12750,33463
2016-07-27,2750,12750,33432
2016-07-28,2750,12750,35905
2016-07-29,2750,12750,38286
2016-07-30,2750,12750,40857
2016-07-31,2750,12750,43294
2016-08-01,2750,12750,25351
2016-08-02,2750,12750,29742
2016-08-03,2750,12750,29510
2016-08-04,2750,12750,31625
2016-08-05,2750,12750,33949
2016-08-06,2750,12750,36430
2016-08-07,2750,12750,37885
2016-08-08,2750,12750,25392
2016-08-09,2750,12750,29602
2016-08-10,2750,12750,29504
2016-08-11,2750,12750,31517
2016-08-12,2750,12750,33722
2016-08-13,2750,12750,35971
2016-08-14,2750,12750,38105
2016-08-15,2750,12750,25389
2016-08-16,2750,12750,29453
2016-08-17,2750,12750,29775
2016-08-18,2750,12750,31562
2016-08-19,2750,12750,33967
2016-08-20,2750,12750,35925
2016-08-21,2750,12750,38057
2016-08-22,2750,12750,25404
2016-08-23,2750,12750,29544
2016-08-24,2750,12750,29693
2016-08-25,2750,12750,31772
2016-08-26,2750,12750,33839
2016-08-27,2750,12750,36008
2016-08-28,2750,12750,37831
2016-08-29,2750,12750,25368
2016-08-30,2750,12750,29538
2016-08-31,2750,12750,30064
2016-09-01,2750,12750,29975
2016-09-02,2750,12750,31635
2016-09-03,2750,12750,33297
2016-09-04,2750,12750,35553
2016-09-05,2750,12750,23581
2016-09-06,2750,12750,27520
2016-09-07,2750,12750,27482
2016-09-08,2750,12750,29337
2016-09-09,2750,12750,31661
2016-09-10,2750,12750,33441
2016-09-11,2750,12750,35101
2016-09-12,2750,12750,23494
2016-09-13,2750,12750,27533
2016-09-14,2750,12750,27435
2016-09-15,2750,12750,29587
2016-09-16,2750,12750,31704
2016-09-17,2750,12750,33381
2016-09-18,2750,12750,35616
2016-09-19,2750,12750,23860
2016-09-20,2750,12750,27579
2016-09-21,2750,12750,27688
2016-09-22,2750,12750,29703
2016-09-23,2750,12750,31618
2016-09-24,2750,12750,33488
2016-09-25,2750,12750,35461
2016-09-26,2750,12750,23542
2016-09-27,2750,12750,27538
2016-09-28,2750,12750,27952
2016-09-29,2750,12750,29555
2016-09-30,2750,12750,31514
2016-10-01,2750,12750,30816
2016-10-02,2750,12750,32994
2016-10-03,2750,12750,22186
2016-10-04,2750,12750,25699
2016-10-05,2750,12750,25604
2016-10-06,2750,12750,27408
2016-10-07,2750,12750,29269
2016-10-08,2750,12750,31431
2016-10-09,2750,12750,32882
2016-10-10,2750,12750,21849
2016-10-11,2750,12750,25931
2016-10-12,2750,12750,25487
2016-10-13,2750,12750,27292
2016-10-14,2750,12750,29283
2016-10-15,2750,12750,31340
2016-10-16,2750,12750,33310
2016-10-17,2750,12750,21996
2016-10-18,2750,12750,25527
2016-10-19,2750,12750,25913
2016-10-20,2750,12750,27742
2016-10-21,2750,12750,29471
2016-10-22,2750,12750,31195
2016-10-23,2750,12750,32925
2016-10-24,2750,12750,22043
2016-10-25,2750,12750,25994
2016-10-26,2750,12750,25314
2016-10-27,2750,12750,27513
2016-10-28,2750,12750,29559
2016-10-29,2750,12750,30979
2016-10-30,2750,12750,32709
2016-10-31,2750,12750,21976
2016-11-01,2750,12750,27652
2016-11-02,2750,12750,27960
2016-11-03,2750,12750,29364
2016-11-04,2750,12750,31490
2016-11-05,2750,12750,33623
2016-11-06,2750,12750,35520
2016-11-07,2750,12750,23294
2016-11-08,2750,12750,27531
2016-11-09,2750,12750,27632
2016-11-10,2750,12750,29539
2016-11-11,2750,12750,31724
2016-11-12,2750,12750,33496
2016-11-13,2750,12750,35753
2016-11-14,2750,12750,23661
2016-11-15,2750,12750,27712
2016-11-16,2750,12750,27701
2016-11-17,2750,12750,29622
2016-11-18,2750,12750,31419
2016-11-19,2750,12750,33511
2016-11-20,2750,12750,35488
2016-11-21,2750,12750,23692
2016-11-22,2750,12750,27435
2016-11-23,2750,12750,27642
2016-11-24,2750,12750,29544
2016-11-25,2750,12750,31638
2016-11-26,2750,12750,33435
2016-11-27,2750,12750,35357
2016-11-28,2750,12750,23621
2016-11-29,2750,12750,27808
2016-11-30,2750,12750,27584
2016-12-01,2750,12750,21195
2016-12-02,2750,12750,22325
2016-12-03,2750,12750,23728
2016-12-04,2750,12750,25298
2016-12-05,2750,12750,16887
2016-12-06,2750,12750,19381
2016-12-07,2750,12750,19614
2016-12-08,2750,12750,21272
2016-12-09,2750,12750,22738
2016-12-10,2750,12750,24086
2016-12-11,2750,12750,25187
2016-12-12,2750,12750,16996
2016-12-13,2750,12750,19766
2016-12-14,2750,12750,19786
2016-12-15,2750,12750,21109
2016-12-16,2750,12750,22586
2016-12-17,2750,12750,24101
2016-12-18,2750,12750,25044
2016-12-19,2750,12750,16832
2016-12-20,2750,12750,19774
2016-12-21,2750,12750,19436
2016-12-22,2750,12750,21408
2016-12-23,2750,12750,22549
2016-12-24,2750,12750,24187
2016-12-25,2750,12750,25195
2016-12-26,2750,12750,16831
2016-12-27,2750,12750,19341
2016-12-28,2750,12750,19560
2016-12-29,2750,12750,21111
2016-12-30,2750,12750,22296
2016-12-31,2750,12750,23792
2017-01-01,2750,12750,23709
2017-01-02,2750,12750,15772
2017-01-03,2750,12750,18650
2017-01-04,2750,12750,18510
2017-01-05,2750,12750,19895
2017-01-06,2750,12750,20994
2017-01-07,2750,12750,22591
2017-01-08,2750,12750,23700
2017-01-09,2750,12750,15797
2017-01-10,2750,12750,18608
2017-01-11,2750,12750,18491
2017-01-12,2750,12750,19684
2017-01-13,2750,12750,21186
2017-01-14,2750,12750,22434
2017-01-15,2750,12750,23701
2017-01-16,2750,12750,15743
2017-01-17,2750,12750,18510
2017-01-18,2750,12750,18645
2017-01-19,2750,12750,19530
2017-01-20,2750,12750,21064
2017-01-21,2750,12750,22591
2017-01-22,2750,12750,23831
2017-01-23,2750,12750,15697
2017-01-24,2750,12750,18524
2017-01-25,2750,12750,18450
2017-01-26,2750,12750,19541
2017-01-27,2750,12750,21116
2017-01-28,2750,12750,22210
2017-01-29,2750,12750,23807
2017-01-30,2750,12750,15839
2017-01-31,2750,12750,18486
2017-02-01,2750,12750,20612
2017-02-02,2750,12750,21875
2017-02-03,2750,12750,23501
2017-02-04,2750,12750,25018
2017-02-05,2750,12750,26084
2017-02-06,2750,12750,17584
2017-02-07,2750,12750,20433
2017-02-08,2750,12750,20292
2017-02-09,2750,12750,21827
2017-02-10,2750,12750,23532
2017-02-11,2750,12750,25311
2017-02-12,2750,12750,26487
2017-02-13,2750,12750,17580
2017-02-14,2750,12750,20486
2017-02-15,2750,12750,20568
2017-02-16,2750,12750,21813
2017-02-17,2750,12750,23519
2017-02-18,2750,12750,24852
2017-02-19,2750,12750,26427
2017-02-20,2750,12750,17435
2017-02-21,2750,12750,20582
2017-02-22,2750,12750,20425
2017-02-23,2750,12750,22127
2017-02-24,2750,12750,23433
2017-02-25,2750,12750,25052
2017-02-26,2750,12750,26577
2017-02-27,2750,12750,17550
2017-02-28,2750,12750,20387
2017-03-01,2750,12750,24581
2017-03-02,2750,12750,26326
2017-03-03,2750,12750,28037
2017-03-04,2750,12750,29513
2017-03-05,2750,12750,31693
2017-03-06,2750,12750,21032
2017-03-07,2750,12750,24412
2017-03-08,2750,12750,24928
2017-03-09,2750,12750,25987
2017-03-10,2750,12750,28048
2017-03-11,2750,12750,29835
2017-03-12,2750,12750,31806
2017-03-13,2750,12750,21193
2017-03-14,2750,12750,24835
2017-03-15,2750,12750,24363
2017-03-16,2750,12750,26248
2017-03-17,2750,12750,27922
2017-03-18,2750,12750,29897
2017-03-19,2750,12750,31483
2017-03-20,2750,12750,20895
2017-03-21,2750,12750,24703
2017-03-22,2750,12750,24748
2017-03-23,2750,12750,26113
2017-03-24,2750,12750,27932
2017-03-25,2750,12750,29977
2017-03-26,2750,12750,31754
2017-03-27,2750,12750,21013
2017-03-28,2750,12750,24693
2017-03-29,2750,12750,24474
2017-03-30,2750,12750,26393
2017-03-31,2750,12750,27833
2017-04-01,2750,12750,34746
2017-04-02,2750,12750,36777
2017-04-03,2750,12750,24714
2017-04-04,2750,12750,28465
2017-04-05,2750,12750,28325
2017-04-06,2750,12750,30666
2017-04-07,2750,12750,32837
2017-04-08,2750,12750,35167
2017-04-09,2750,12750,36603
2017-04-10,2750,12750,24648
2017-04-11,2750,12750,28582
2017-04-12,2750,12750,28609
2017-04-13,2750,12750,30495
2017-04-14,2750,12750,32434
2017-04-15,2750,12750,34787
2017-04-16,2750,12750,36498
2017-04-17,2750,12750,24703
2017-04-18,2750,12750,28529
2017-04-19,2750,12750,28716
2017-04-20,2750,12750,30881
2017-04-21,2750,12750,32758
2017-04-22,2750,12750,34821
2017-04-23,2750,12750,37097
2017-04-24,2750,12750,24503
2017-04-25,2750,12750,28660
2017-04-26,2750,12750,28618
2017-04-27,2750,12750,30710
2017-04-28,2750,12750,33065
2017-04-29,2750,12750,34663
2017-04-30,2750,12750,36785
2017-05-01,2750,12750,26290
2017-05-02,2750,12750,31050
2017-05-03,2750,12750,30765
2017-05-04,2750,12750,32984
2017-05-05,2750,12750,35418
2017-05-06,2750,12750,37493
2017-05-07,2750,12750,39460
2017-05-08,2750,12750,26365
2017-05-09,2750,12750,30909
2017-05-10,2750,12750,30895
2017-05-11,2750,12750,33234
2017-05-12,2750,12750,35052
2017-05-13,2750,12750,37346
2017-05-14,2750,12750,39409
2017-05-15,2750,12750,26191
2017-05-16,2750,12750,30927
2017-05-17,2750,12750,30518
2017-05-18,2750,12750,32960
2017-05-19,2750,12750,35473
2017-05-20,2750,12750,37669
2017-05-21,2750,12750,39874
2017-05-22,2750,12750,26354
2017-05-23,2750,12750,30609
2017-05-24,2750,12750,30747
2017-05-25,2750,12750,33110
2017-05-26,2750,12750,35490
2017-05-27,2750,12750,37321
2017-05-28,2750,12750,39417
2017-05-29,2750,12750,26194
2017-05-30,2750,12750,30299
2017-05-31,2750,12750,30863
2017-06-01,2750,12750,34913
2017-06-02,2750,12750,37273
2017-06-03,2750,12750,39931
2017-06-04,2750,12750,42061
2017-06-05,2750,12750,27794
2017-06-06,2750,12750,32934
2017-06-07,2750,12750,33061
2017-06-08,2750,12750,35401
2017-06-09,2750,12750,37304
2017-06-10,2750,12750,39854
2017-06-11,2750,12750,42022
2017-06-12,2750,12750,27827
2017-06-13,2750,12750,32835
2017-06-14,2750,12750,33052
2017-06-15,2750,12750,35041
2017-06-16,2750,12750,37253
2017-06-17,2750,12750,40100
2017-06-18,2750,12750,42004
2017-06-19,2750,12750,28173
2017-06-20,2750,12750,32800
2017-06-21,2750,12750,32943
2017-06-22,2750,12750,34850
2017-06-23,2750,12750,37426
2017-06-24,2750,12750,39501
2017-06-25,2750,12750,42029
2017-06-26,2750,12750,28187
2017-06-27,2750,12750,32849
2017-06-28,2750,12750,32714
2017-06-29,2750,12750,35310
2017-06-30,2750,12750,37182
2017-07-01,2750,12750,42594
2017-07-02,2750,12750,44936
2017-07-03,2750,12750,29775
2017-07-04,2750,12750,34737
2017-07-05,2750,12750,34681
2017-07-06,2750,12750,37195
2017-07-07,2750,12750,39989
2017-07-08,2750,12750,41659
2017-07-09,2750,12750,44610
2017-07-10,2750,12750,29723
2017-07-11,2750,12750,34949
2017-07-12,2750,12750,34823
2017-07-13,2750,12750,37008
2017-07-14,2750,12750,40125
2017-07-15,2750,12750,42170
2017-07-16,2750,12750,44856
2017-07-17,2750,12750,29959
2017-07-18,2750,12750,34615
2017-07-19,2750,12750,34988
2017-07-20,2750,12750,37258
2017-07-21,2750,12750,39819
2017-07-22,2750,12750,42513
2017-07-23,2750,12750,44831
2017-07-24,2750,12750,30041
2017-07-25,2750,12750,34910
2017-07-26,2750,12750,34978
2017-07-27,2750,12750,37254
2017-07-28,2750,12750,39290
2017-07-29,2750,12750,42111
2017-07-30,2750,12750,44832
2017-07-31,2750,12750,30164
2017-08-01,2750,12750,30725
2017-08-02,2750,12750,30787
2017-08-03,2750,12750,32822
2017-08-04,2750,12750,35134
2017-08-05,2750,12750,37237
2017-08-06,2750,12750,39295
2017-08-07,2750,12750,26633
2017-08-08,2750,12750,30828
2017-08-09,2750,12750,30719
2017-08-10,2750,12750,33110
2017-08-11,2750,12750,35084
2017-08-12,2750,12750,37400
2017-08-13,2750,12750,39492
2017-08-14,2750,12750,26144
2017-08-15,2750,12750,30493
2017-08-16,2750,12750,30721
2017-08-17,2750,12750,33053
2017-08-18,2750,12750,35240
2017-08-19,2750,12750,37554
2017-08-20,2750,12750,40022
2017-08-21,2750,12750,26188
2017-08-22,2750,12750,30902
2017-08-23,2750,12750,30625
2017-08-24,2750,12750,32938
2017-08-25,2750,12750,34884
2017-08-26,2750,12750,37753
2017-08-27,2750,12750,39760
2017-08-28,2750,12750,26557
2017-08-29,2750,12750,30775
2017-08-30,2750,12750,30591
2017-08-31,2750,12750,32937
2017-09-01,2750,12750,32529
2017-09-02,2750,12750,34809
2017-09-03,2750,12750,36521
2017-09-04,2750,12750,24625
2017-09-05,2750,12750,28289
2017-09-06,2750,12750,28568
2017-09-07,2750,12750,30647
2017-09-08,2750,12750,33158
2017-09-09,2750,12750,34686
2017-09-10,2750,12750,37162
2017-09-11,2750,12750,24645
2017-09-12,2750,12750,28537
2017-09-13,2750,12750,28837
2017-09-14,2750,12750,30837
2017-09-15,2750,12750,32591
2017-09-16,2750,12750,34938
2017-09-17,2750,12750,36836
2017-09-18,2750,12750,24575
2017-09-19,2750,12750,28569
2017-09-20,2750,12750,28985
2017-09-21,2750,12750,30687
2017-09-22,2750,12750,32716
2017-09-23,2750,12750,34654
2017-09-24,2750,12750,36615
2017-09-25,2750,12750,24796
2017-09-26,2750,12750,28537
2017-09-27,2750,12750,29056
2017-09-28,2750,12750,30535
2017-09-29,2750,12750,32700
2017-09-30,2750,12750,34623
2017-10-01,2750,12750,33845
2017-10-02,2750,12750,22913
2017-10-03,2750,12750,26854
2017-10-04,2750,12750,26691
2017-10-05,2750,12750,28357
2017-10-06,2750,12750,30225
2017-10-07,2750,12750,32189
2017-10-08,2750,12750,34194
2017-10-09,2750,12750,22974
2017-10-10,2750,12750,26478
2017-10-11,2750,12750,26899
2017-10-12,2750,12750,28540
2017-10-13,2750,12750,30354
2017-10-14,2750,12750,32616
2017-10-15,2750,12750,34123
2017-10-16,2750,12750,22940
2017-10-17,2750,12750,26737
2017-10-18,2750,12750,26743
2017-10-19,2750,12750,28790
2017-10-20,2750,12750,30529
2017-10-21,2750,12750,32690
2017-10-22,2750,12750,34381
2017-10-23,2750,12750,22965
2017-10-24,2750,12750,26494
2017-10-25,2750,12750,26794
2017-10-26,2750,12750,28430
2017-10-27,2750,12750,30466
2017-10-28,2750,12750,32392
2017-10-29,2750,12750,34312
2017-10-30,2750,12750,22695
2017-10-31,2750,12750,26550
2017-11-01,2750,12750,28476
2017-11-02,2750,12750,31036
2017-11-03,2750,12750,32843
2017-11-04,2750,12750,35064
2017-11-05,2750,12750,36903
2017-11-06,2750,12750,24752
2017-11-07,2750,12750,28922
2017-11-08,2750,12750,28739
2017-11-09,2750,12750,30856
2017-11-10,2750,12750,32846
2017-11-11,2750,12750,34476
2017-11-12,2750,12750,36934
2017-11-13,2750,12750,24604
2017-11-14,2750,12750,28764
2017-11-15,2750,12750,28607
2017-11-16,2750,12750,30732
2017-11-17,2750,12750,32771
2017-11-18,2750,12750,35007
2017-11-19,2750,12750,36516
2017-11-20,2750,12750,24636
2017-11-21,2750,12750,28827
2017-11-22,2750,12750,28317
2017-11-23,2750,12750,30935
2017-11-24,2750,12750,32607
2017-11-25,2750,12750,34939
2017-11-26,2750,12750,36973
2017-11-27,2750,12750,24427
2017-11-28,2750,12750,28788
2017-11-29,2750,12750,28721
2017-11-30,2750,12750,30819
2017-12-01,2750,12750,23460
2017-12-02,2750,12750,24538
2017-12-03,2750,12750,26533
2017-12-04,2750,12750,17382
2017-12-05,2750,12750,20177
2017-12-06,2750,12750,20340
2017-12-07,2750,12750,21817
2017-12-08,2750,12750,23471
2017-12-09,2750,12750,24811
2017-12-10,2750,12750,26402
2017-12-11,2750,12750,17619
2017-12-12,2750,12750,20236
2017-12-13,2750,12750,20703
2017-12-14,2750,12750,22037
2017-12-15,2750,12750,23581
2017-12-16,2750,12750,24953
2017-12-17,2750,12750,26167
2017-12-18,2750,12750,17746
2017-12-19,2750,12750,20517
2017-12-20,2750,12750,20545
2017-12-21,2750,12750,22214
2017-12-22,2750,12750,23567
2017-12-23,2750,12750,24763
2017-12-24,2750,12750,26130
2017-12-25,2750,12750,17517
2017-12-26,2750,12750,20738
2017-12-27,2750,12750,20378
2017-12-28,2750,12750,21885
2017-12-29,2750,12750,23535
2017-12-30,2750,12750,24988
2017-12-31,2750,12750,26420
